Number,English,Thlinkit-Skutkwan,Tshimsian-Kitunto,Tshimsian-Kithatla,Haida-Kaigani,Haida-Masset,Haida-Skidegate,Haida-Kumshewa,Kwakiool-Haishilla,Kwakiool-Hailtzuk,Kwakiool-Kwiha,Kwakiool-Likwiltoh,Kawitshin-Kowmook-Tlathool,Kawitshin-Snanaimooh,Kawitshin-Songis,Kawitshin-Kwantlin,Aht-Kaiookwaht,Niskwalli-Sinahomish,Tsheheilis-Staktamish,Tshinook-Tshinook,Tshinook-Tilhilooit-UpperTshinook,Bilhoola-Noothlakimish,Tinne-Tshilkotin,Tinne-Nakoontloon,Tinne-Takulli-Teheili,Selish-Lillooet,Selish-Kullespelm,Shahaptani-Whulwhaipum,Kootenuha-UpperKootenuha
1,Man,'kha,wai-oot,youh,i-thlung-a,,i-hling-a,ē-hlin,,pu-kwā-num,pu-kwā’-num,pook-wā-num,enika,swaika,soi-kan,swē-ka,kō-wus,stōbsh,stil-tāmsh,kah-tin,ikalla,im-ilkh,,in-tlah,,a-pa,skul-tum-ih,wīns,tit-kat-th
2,Woman,shā-wut,hun-nāh,un-nāh,jā-da,,χa-da,n-jada,kun-num,kun-num,kun-num,sĭttăk,sahlt,slanai,sla-ne,slanē,tloo-tshimun,slāni,kewlh,ske-ki-thlil,akag-eluk,shin-āsh,tā-gool-taine-tīn,tse-ke,shi-ko,"kī-ka, smoo-tlats",sim-ēm,ai-ut,pahtl-ke
3,Boy,ka-kutz-ko,til-koolh-im-yoot,'kl-wām-ilk,itl-na-huit-soo,hā-tlel-a,,ka-ha,hā-puh,ha-push,ha-push,kin-an-um,tshuoi,swhai-kāl,stla-tl-kul,swe-wil-is-sonil,ta-na-asi,tha-thus,kwailh,tl-kasts,kash-kash,imil-imil-ki,tshīl,tai-yuz,tshīl,skoo-kumī,tā-wīt’,aswan,un-stat-nun
4,Girl,,til-koolh-im-un-nah,tshus-kim-un-nah,jā-da-hut-so,χa-da-hit-zoo,,ja-da-kud-so,a-mēs-ka-num,tsa-tsa-ta-kum,kai-kun-num,sātsă-tăkum,sas-tooh,slanai-ōhl,ka-le,slin-ealh-kum-ealh,tloo-tsi-tsi,sla-slani,ke-awlh,tlān-il,walak,shin-shin-ashi,,,,smoo-ītlĭts,shish-ootum,pitī-miks,now-te-nun’
5,Infant,to-kwunē-e,tl-koolh,kl-ku-am-ilk,kit-hut-so,na-ā-tzoo-tzoo,koo-del,de-nung,a-me,kin-a-num,kin-a-num,kin-silas-sowi,mān-nă,,n-gunna,ska-kullā,tē-nā-se,be-ba-da,,tōāl-o,kash-kash,minā,tshil-ako,,skoi,tsi-hi-a-whatl,kloh-tēlt,mī-un-ash,tl-kamoo
6,My father (said by son),uh-īsh,neuio-noog-wādh,nenio-noog-wādh,tē-hung,haung,,ti-hoon-ga,ō-oop,kush-aoomp-kins,kush-aoomp-kins,hun-aoompi,nān,nimān,nim-ang,insua-nimān,noo-wēks,nim-ān,koo-mā,kuh-tin,win-umsh,mān,ap-pa,sit-ta,ish-pa,skat-soo-za,in-le-ow,na-toot-ash,ka-tit’-too
7,My father (said by daughter),uh-īsh,ā-bo,ābo,tē-hung,hah-ta,,,ō-oop,kush-aoomp-kins,kush-aoomp-kins,hun-apumpi,nān,,nim-ang,insua-nimān,,nim-ān,,,win-umsh,mān,,,,skat-soo-za,in-e-mestum,na-toot-ash,
8,My mother (said by son),uh-kla,naw-us,now-us,te-ow-a,oway,,ti-ow-gha,a-poo-kwunse,ksa-pook,ksa-pook,hun-apumpi,tān,,nit-tan,insua-en-tang,oom-ēks,skooi,sē-tshin-kooi,,wan-uks,stān,a-kul,ani-kwul,ish-kloo,skī-hoo-za,is-kōi’,"na-ilth-lash, na-īta",kam-ma
9,My mother (said by daughter),uh-kla,nai-yoo,nai-yoo,te-ow-a,oway,,,a-poo-kwunse,ksa-pook,ksa-pook,uneis,tān,,nit-tan,insua-en-tang,,skooi,,,wan-uks,stān,,a-i-kwul,,skī-hoo-za,in’-to-op,"na-ilth-lash, na-īta",
10,My husband,uh-ooh,nux-soo,nux-soo,te-tlalh,,,ti-tla-ghă,kla-wun-num-unts,kslă-koo-num,kslă-koo-num,tlā-wun-num,tats-guika,nis-tōlis,nis-tallis,un-stānis,si-asē-tshuk-oap,in-theis-toosh,shin,koo-wi,in-ski-kai,klootsh-timtz,,suk-kun,,noo-ka-tam’-tha,is’-hail-o-wih,in-mam,kan-oo-kluk-un-na
11,My wife,uh-shit,nux-soo,nux-soo,te-tshā,,,ti-tzā-ga,kun-num-ma-kunts,kus-kunnum,kus-kunnum,tlā-kun-num,tlats-asht,nis-tōlis,nis-tallis,insua-en-stānis,si-asē-tloo-tshiman,hig-was,ket-sin-tshewilh,n-koo-wi,huh-ki-kai,ehil-shin-āsh,tsai-at,tse-kun-si-lin,yun-tsuk-oo,nish-im-ām-a,in’-noh-un,nimmi-ashum,ka-tl-nam-oo
12,My son (said by father),uh-hi-ghutti,,,di-kit,keet,,,,kus-whun-ook,kus-whun-ook,hun-whun-ookwi,"tals, tits-i-mān-ă",,,insua-samil-mun,,,te-tin-mān,koo-toon,its-hun,teim-nitsai,,nas-kai,,skoo’-ka-zei,is’-whuh-sē-whult,nimi-mi-un-ash,kun-hut-lē
13,My son (said by mother),uh-hi-ghutti,,,di-kit,kin,,,,,,hun-whun-ookwi,,,,insua-samil-mun,,,,,,teim-nitsai,,,,skoo’-ka-zei,,,
14,My daughter (said by father),shā-wut-uh-ghutti,,,ti-koot-jung-a,keet,,,,,,sooh-tlimma,salks-māna,slani-nimună,,insua-nis-kum-ealh,,,,,,tshēm-nath-eh,sis-kai,,,smoo’-tleth-kin-koo-za,,,ka-soo-win
15,My daughter (said by mother),shā-wut-uh-ghutti,,,ti-koot-jung-a,keet,,,,,,sooh-tlimma,salks-māna,,,insua-nis-kum-ealh,,,,,,tshēm-nath-eh,,,,smoo’-tleth-kin-koo-za,,,
16,My elder brother,uh-hoon-ooh,shi-li-kit-tim-win-’go,shi-lī-git,ti-kwai,,,ti-ka-gha,no-la-kum,no-la-kummi,no-la-kummi,nōla,tluhai,,shē-itl,nish-ai-ulh,tai-ē,skā,n-whāl,n-yai,eh-ko-kwuno-wi-tshil,kwal-lum,,sit-tain-a-tail,,ni-’ko’k-a-hik,in-a-kait’-tsh,nimi-pī-ap,kut-tat
17,My younger brother,uh-kīk,tsoo-wan-kit-tim-win-’go,tsoo-wan-īgit,tō-un,,,ti-tō-un-gha,tse-ai-kuns,tsaia,tsaia,tzaia,skēlh,,sai-thin,ns-kā-āk,kulh-lātik,tsō-kwa,te-tin-lisk,kwnishtz,nis-kis-ka-ītsuhi,sho-ahē,,sho-na,,sĭs’-kwuz,is-sin-tsē’,nimi-ishup,
18,My elder sister,shoo-ko-uh-tlāk,shi-li-kit-tim-thlim-ah-tīo,shi-lī-git,di-jasha,,,ti-jas-ka,,tsai’-a-kummi,tsai’-a-kummi,nōla,tluhai,,na-ālish,nish-ai-ulh-slannē,tloo-tshim-oap,na-ālis,in-pisin,,ah-ko-kwuna-ki-goots-ki,kwal-lum-tsh,,,,nī-kah-kuh,is-kws-sum-ēm’,nimi-na-na-nas,
19,My younger sister,kīk-a-uh-tlāk,tsoo’-wan-kit-thlim-ah-tīo,tsoo-wan-īgit,ti-toon,,,,,,,tzaia,tats-nō,,sai-thin,ns-kā-āk-slannē,tloo-tshim-oap,tsō-kwa,ne-nesk,,akus-tuha-ki-goots-ki,oot-tē-titk,,,,sĭs’-kwuz-smoo-tlats,inl-tst-tso-ōps’,nimi-īn-stats,
20,An Indian,thlin-kit,tshim-si-an,,hā-dis,,,,wīsshum,,weisshum,nummook-pahoos,datsio,,,nan-tsa-whul-amooh,,atsil-talum,,tla-nimshk,hai-kutama,'klem-ish-ta,tin-nē,,,ō-whil-mooh,,tein,
21,People,uh-shuh,kit,in-tsă-bum,towī,,,tl-ta-whī,geok-kelout-a-kuns,pi-pu-kwā-num-ah,pi-pu-kwā-num-ah,giook-wilowt,nood-kwai-doh,,n-gung-na-whēl-woh,whul-amooh,oasha-a-imits,atsil-tal-oomiwsh,notl-tā-milh,thlih-owi,ada-te-hedli-hum,wat-sai-wa-klem-sta-ah,tin-ne-o-kont-lin,tin-ni-e-etlan,,ō-whil-mi-whoo,,hilak-tein,
22,Head,shus-a-wŏ,tumk-ows,tunk-ows,te-kuts,kātz,kād-ze,kād-ze,haih-tē,heums,haih-tē,hioomis,utuh-osh,hai-us,shai-us,shus,toh-wa-tsit,skh-ai-oos,mā-tin,mā-tin,il-kak-stak,ted-uh,tin-ne-a-tza,nun-tse,mut-tsai,skap’-kun,spl-’kein,"thlim-tuh, palka",a-klam’-a-na
23,Hair,uh-e-yuh,keulsh,kāoos,kuts,katl-kāi-tl,ka-skai-tl,kow,tzi-a,tzi-a,tzi-a,saia,,shai-kun,tsi-atun,ma-kun,,skad-zo,skis,yak-so,il-net-hat,mihl-kwā,,nun-tse-ra,,mā-kĭn,kaw-makum,too-ta-nik,a-ku-ke-klan’-e-na
24,Face,uh-kak,tsalĕ-gedit,tzel,hung-e,hang-e,hoang-a,hanga,ko-kummi,ko-kummi,ko-kummi,kow-komai,tubo-osh,sā-hus,tza-siz,sa-assus,itl-hlool,tzā-at-sus,smoos,mōas,waia,moo-shā,tin-ne-nin,nan-nin,ni-nin,tl-kwt-tloosh’,skul-loos,spiss,a-kun-kun-e-in-na
25,Forehead,ka-kook,wŏa-puh,woa-puh,kwul,kwul,kwul,kwul,tuk-ai-a,ko-kuio,ko-kuio,ou-kooiwa,sa-ykso,sko-muls,skwang-is,skoo-miss,up-puh-pa,tsil-ēltz,,spō-toos,aiasko,ilooma,nītz-i-kulth,nit-se-koolh,min-in-tak,nal-ki-noos,tsis-hil-tha’-mish-in,shoowă,a-kin-kutl-e-nam
26,Ear,ka-māk,tsim-ooh,moo,kew,gēu,gēu,keu,pis-paio,pis-paio,pis-paio,pish-paio,ko-a-āda,kwn-un,kwol-lun,kwēil,puh-pi,kul-āde,kwullā,kwl-ān,i-yun-to-hema,tahks-ta,nīt-ză,nen-tsa,nīt-zā,klin’-ne,ta-enne,mishioo,a-ko-ko-ut’-tĕ-na
27,Eye,hleu,wul-eil,wileil,hong-e,hung-ē,hung-ē,hung-ē,kuk-s’,kuk-s’,kuk-s’,kaioo-kash,ka-a-wōm,kul-um,ni-kul-lun,kul-um,kus-si,ni-kul-oon,te-tin-moos,tai,sīa-nos,kul-lo-’kish,tin-īna,nen-na,nin-ā,noo-ka-tloosh’-tin,n-huk-a-klus’-tan’,utshas,ā-ka-klih’-e-na
28,Nose,ka-’ke,tsuh,tsuh,kwin,kwun,kwun,kwun,hoo-muh,tshin-sas,hoo-mak,ghin-tash,muk-shin,muk-shin,yuk-sin,muk-sin,nit-suh,buk-sin,,muksn,shi-ugits,mā-uh-shā,tin-ne-nitz-eh,nen-zi,ni-nin-tsis,spusks,spsis-sax,nosno,a-kun-am
29,Mouth,ka-thloot,āh,āh,had-lē,hat-lē,hēt-lē,hut-lē,sums,sims,sims,simsh,tho-thed,sa-hun,nuk-un-ooh,sā-sin,ishl-uk-itsl,tuk’-ud-oh,kun,hun-is,yauk-shut,shoo-tsha,tin-ne-azi,naz-ai,ni-zik,hoo’-hin,spil’-eim-tsin,um,a-katl-man’
30,Tongue,"ka-uh, ka-ooh",tsoo-wla,too-wulla,tungl,tāng-il,tang-il,ta-ngl,kil-lum,kil-lum,kil-lum,killum,stiwh-sash,tuh-sil,tiwh-sil,toh-silh,tsoop,thla-lap,,thlih-whl,ya-milook-ta-kwil-ima,tēsh-tsha,natzol,nun-tso-la,tsoo-lā,tah’-la,tiwh’-ts-tsth,milīs,watl-hloo-nak
31,Teeth,ka-ka-tat-sai,wān,wān,tshin,tsing,tsing-a,tsing-a,kīk,kīk,kīk,kīk,gi-geis,yin-nis,hun-is,yin-nis,tshi-tshish,dzud’-is,obsin,yins,thle-katsh,it-sha,tin-ā-ōh,nun-tso-owa,ni-goo,ĭ-ītshi-min,hul-lawh,utīt,a-koo-nuten’-ām
32,Beard,,īmuh,īmuh,s’ki-wi,kāi-ow-ā,skow-rē,skiw-igh,ha-puh-ste,ha-puh-ste,ha-puh-ste,hapuh-sta,ko-po-thled,kwin-eisin,koi’-ni-sin,kwun-ne-āsun,ha-puk-shim,nuk’-wa-di-oot-sin,,,dia-muk-sho,sko-puh,ni-ta-rā,nin-ta-ra,ni-tā-gā,tshi-woo’-pth,sō-ptzīn,shoo-wow,ka-kloo-khluh’-ā
33,Neck,ka-hle-tik’,tum-lā-ni,tum-la-ni,hil,hīl,hīl,tshīl,kow-konĕ,ko-konĕ,ko-konĕ,kow-koon,sai-a-dha,tup-sim,tait-shin,tup-sin,tsi-koomitz,tsuk’-am-sim,,tshisp,yato,ni-tshap-sim,tin-ā-okus,nin-tshur-rā,ni-zil-tai-in,ka’-kun-ne,hus-pīn,tan-wut,a-koo-kuk
34,Arm,ka-tshin,un-on’,un-on,ih-ai’,,hie,heai,hai-ishō,hai-as-so,hai-as-so,aiasho,tshai-ash,te-low,tal-loo,tā-loo,ko-kwinix,tsi-la-loo-min,in-hal,pot-it,ya-ho,shoo-sha,tin-ne-a-kon,nul-la,ni-kun,soowa’-hun,is-tho-wah-an,pap,a-klut’-e-nām
35,Hand,uh-tleik,lah-snain,un-on,shtlai,stlai,slai,slai,hai-as-so,hai-as-so,hai-as-so,kwak-was-tanna,sko-a-okoidja,tshā-lash,sallis,tsā-lilh,tshi-this-kin-akoom,n-tshallis,in-kia-lih,shō-mits,ījek-shin,skoolh-lil-ah-shuk,tin-ne-luh,,ni-lāh,sh-koo-oks’,n-halish,"apapup, thluh-thla",ā-ki-nam
36,Fingers,uh-tshi-koolh,kut-soo-wā-nooh-um-un-on’,kut-soo-ald,slāk-unge,stlē-kung-ē,slai,sl-kungē,,,kwa-kwa-dsanai,,,snu-his,ha-hal-sis,sluh-tsis,,tda-ha-lathi,tshewk,shō-mits,,shi-ipi-aiak,,,,nō-la-ka,is’-tēh-ist,la-kīt,a-kits-kai’-e-nam
37,Thumb,"uh-koosh, uh-oosh",mau’-shō,moas,shluk-waia,stlē-kwai,stl-kwō-da,sli-koo-sis,kow-na,kho-na,kho-na,howma,tla-hei-koija,,sin-klal-oosis,sint-la-lit-sis,īha-kommitz,tsi-walluks-atshi,pu-whaska,,a-ke-oohtak-shin,kō-dā,nīl-a-tsho,nul-as-kut,,skil-a-kĕh,is-to’-mihst,apap-untshi,too-tsak-e-nam
38,Nails,ka-hāku,kuth-luh-sho,thluhs,shluk-un,stla-kwun,stl-kwun,sli-goon,,,,tsim-tsiem,kwā-lootsis,katla-je-koija,tlit-hal’-sis,ko-kwl-sis,tshutl-tsha,nukoh’-sat-shi,,towuh,duha-ho-lo-gwodi,skath-sie-what,nīl-a-kun,nil-as-sut,kīl-a-kuai,koh-kin’-a-ke,koh’-kin’-tshist,āsă,a-kook-pi-nām
39,Body,tshal-tuk-a-hoot,ni-ked-do,tk-kum-ō,il-thlō,hloo,ka-tlē,thloo,ow-kwunna,o-kwunna,o-kwunna,owk-weina,smistai-ooh,gei-oohsh,stas-kuttl,win-nit-zā,oos-it,un-tso’-kom,kwl-et-ki,sā-sit,saw-kwiak,stoo-īd,tin-a-nus,nun-us,ni-zi,mus-zath’,is-kailh’,wow-nashus,a-kitl-hl-hluk’-e-nooha
40,Chest,ka-woo’,kuai-ĭgoot,kaik,kun,,,kuts’-koo-se,tu-ku-poa,tu-ku-poa,tu-ku-poa,ow-poal,stzei-lush,yei-dash,tsung’-utl,se-ilis,klupts-houm,tsel’-e-de-gwus,skwillum,,a-kutsh,ska-walloos,,nun-tsi,,tat’-whath,shts-hits-mauhts,hup,
41,Belly,ka-aia,pun,pan,keitsh,kītz,ki-χi,kād’-za,tik-e,tik-e,tik-e,tăkī,kwulla,skwa-wa,un-tlās,kwl-la,ta-tshuh,un-tlāth,un-tlāl,ya-kwa-tin,yow-an,noo-kwil-ta,tin-ne-put,nun-but,pa-put,o-lin,ol-īn’,nawut,a-koo-woom
42,Female breasts,ka-tla,mush,mash,tlnō-ai,tlin-loo-ē,klin-ē-wē,tln’-oa,tsa-mĭ,tsa-um,tsa-um,thā-um,skumma,tzum-tid,skum’-ma,skum-ma,in-nima,skō-bo,koomilh,kām-tin,aka-geiloki-koto-mak,toomsh,tin-ne-adsoh,nun-tsoa,put-zoo,ska-ām,skā-em’,nukŏăt,a-koo’t-kak-e-na
43,Leg,ka-’koos,āsī,āsī,til,kwul-o,kial,ki-ul,gooh-gui,ko-kwio,ko-kwio,giook-waio,shunna,jis-hin,slal-uth,thluk-na-atsh,ka-ipit,tsil-a-lup,un-tsool,,ni-dia-kew,īh-ā,tin-ad-sun,na-kai-tshun,gwa-shun,skoo-āht,tsim-aux-shin,wuhā,a-ksuk-e-nām
44,Foot,ka-koo-stuh-li,nuh’-ne-asho,āsī,sta,kl-stai,stai,stai,,,,pul-kah-site,snu-whil-tit-shim,spuk-alt-shin,shunna,shun-nă,klish-klin,jish’-in,pa-paish-in,,i-thliaps,īh-ā,tin-ne-a-kuh,nun-kai,piu-kī,spa-āhin,stsō-wus-shīn,wati-kowas,a-klik-e-nām
45,Toes,ka-koos-hawk,kut-soo-wā-nuh-shim-shī,kut-soo-wan-uh-shim-shi,stak-ungī,stuk-ung-e,sta-kung-e,stā-kung-e,,,,kwa-kwah-site,snuh-shin,st-wha-wa-wishid,is-tha-hāl-sin,sluh-kin,tshute-tsha,nis-tha-hal’-uk-sed,,,a-kil-akum-mi-hi-diops,skooh-lil-ah-thlal,,nun-kai-las-kwtl,,ho’-li-hin,is-te-uh’-shin,ow-hai-huh-thla,a-kits-kai’-e-nām
46,Bone,ka-tsak,sai’-ep,sai’-ip,hit-lai,,skood-ze,skoo-ji,hāh,hāh,hāh,hak,stzaum,show-wishin,ist-sām,stzaum,hum-mōt,nī-shaō,hiaoo,te-ikl,nis-to-ko-tshoma,tshap,a-kut,nun-kwut,tsun,ko’-ko’-itl,ist-soam’,pīps,a-ko-klā
47,Heart,ka-tehk,kō-ad,kōht,kook,kook,kou-ga,koo-dine,ow-ah-te,o-ah-te,o-ah-te,pook-wa-num-kīlh,tzē-la,tlik-weid-ash,stsal’-luh,tsul-la,ih-um-uh,stsal’-le,ins-kwillum,et-shumh,n-kwamni,stshit-shoolk,,sit-zi,,shwa-kook,is-poos’,timna,ā-kit-hloo-in
48,Blood,shuh,īhl-thlē,ihl-thle,hui,āi,kai,kai,pil-ih-tlum,ul-koom,ul-kwa,alkwa,sa-sai-ung,kweilh,saih-thin,sā-se-yin,hais-im-is,stō-le-gwan,skuelh,skwē-ilh,n-kowilk,shīh,tin-ne-i-til,tin-ni-ă-tul,skai,pt-īl-la,is-sin-a-hool’,tooni-wan,wuh’-num-oo
49,"Town, village",tshul-tuk-a-tīt,hoo-wālip,wālp,no-watl-wan,,,na-kwan,kai-num-ioh-looh,goo-gwilla,goo-gwilla,awin-ak-wush,ul-ālum,klub-klub-stād,al-lun,ntsow-mooh-whul-amooh,ma-ma-ha-te,al’-a-lal,hahwi-e,hāsh,toolh-lemma,ta-ap-shoolh,koh,kong,koh-a-lai,tshi’-tshi-tooh,whe’-elt-whooh,hilak-nīd,a-ke-kloo’-e-ne
50,Chief,un-kaw,shim-oikit,sim-oikit,i-klak-ta,,,i-tla-git,"hai-mash, emash",ke-kummi,ei-mash,ki-kumma,sīam,sei-gioos,sī-am,sī-am,hă-wilh,si’-am,ā-lis,ālis,n-stamah,stal-tomih,nītz-il-in,nitz-il-in,mow-dish,koo’-ki-pi,il-a-mīh’-hoom,mi-ow-ah,
51,Warrior,klit-īni-ka,āluh,kut-kit-um-yooht,sha-shi-wun,,,tshad-zi,tlih-āla,,tle’-ā-koo-koo,thlā-wish,shto-mash,kul’k,ska-shwoi-a-kan,stā-mish,wi-ukī,kwē-kuk,shwilh,toa-whĭ-ai,n-tow-heak,alh-āpuk,,hus-kai,,in-kĕ-shēl’-ni-kuk,il-tshul-īh-ut,shatāwī,na-soo-ookē
52,Friend,uh-a-kha-wo,nis-shīp-un,ni-si-āpun-usk,staglh,,,lth-ta’-kwi,mai-atla,mai-atla,mai-atla,numook,si-aia,tits-ja-ja,nis-jā-ha,tsi-aiāh,oosh-a-im-is,tsi’-aiā,nisk,n-săl-salin,its-hal-pit,doo-bou-ta,,sil-tuss,,snoo’-kwa,is-lāht’,hai,
53,House,hīt,wāl-lup,wālp,tish-wan-shin,,na,nāh,giooh,gook,gook,giook,lalum,tlub,al-lun,la-lum,huh-a-te,al-lal,oa-tsis-hal,has,itook-thle,soolh,,en-tla-koln,,tshi-tooh,sī-to-hooh,"unīd, nishā",a-koo-kla-a-ne
54,Skin lodge,,,,,,,,,,,,,,kwul-a-wal-lun,,,kwul-lu-wow’-tooh,woiuh-alh,,stow-hei-lok,,,,,,spi-yetl-hooh,tsoo-whillī,
55,Kettle,kootl,kai-klem-to-utsk,kai-thlum-to-utsk,tshis-lungŏ,,,tshis-whal-un’,keah-tla-lu-tatse,nuk-um,nuk-um,nuk-atshi,,,skwultz,tsuk-oost-in,nīs-īk,suh-kwalz,thlak-stuk-un,ō-kwus,ne-moo-moos-kilma,dook-stlak,mon-sai,no-sai,us-sa,in-tha-koosh’-tĭn,tl-tshep’,"kupoos, tooksai",its-kē-a-ma
56,Bow,sooks,ha-uk-tuk,ha-kwu-tak,thl-ait,,tl-kēt,tl-kīt,thlik-wīss,thlik-wīss,thlik-wīss,thlu-kwish,twh-ātsh,thluk,shom’-ma-tin,tuh-wats,moos-tut,kut-thetz,sīlh,kalt-stin,athloh-ait,poots-tin,tad-tsan-kuh,alh-tin,tli-ti,tuh-o-āth,st-kwīntsh’,too-īn-pas,tow-oo
57,Arrow,tshoo-net,how-āl,ha-wal,tsh-tul-lung,,kung-al,tsit-ung,hun-tlum,,,hun-tlum,skwul-lasp,hai,yit-thet,slawh,tsi-i-hut,tē-tes-in,,kalt-stin,a-kum-atsh,titsh-nēm-ta,kuh,kā,ka-za,koo’-hi-mal-it-ish,tap-a-men’,kai-asso,a-’k
58,"Axe, hatchet",tsin-a-hōi,ki-gio-atik,ki-gioatik,tshool-tshao’,kiutl-tzow,kitl-χow,kitl-zow,klo-kwi-o,ko-kwin-a-kwilla,ko-kwin-a-kwilla,soopaio,sko-kōm,so-paio,mok’-koo,'ku-kum-in,is-his-utshik,buk’-koo,tla-mai-kihun,kla-ai-tshiptin,a-kus-tin,nītst,tzin-tli,tzenlh,tsai-tsl,kla-mĭn,ĕs-si-ya’-ah,"kaistun, wahtl-ko-was",uk-koo-tal
59,Knife,thlitta,il-thla-pishk,il-thla-pīshk,yāts,yā-tzā,skow,skōw,hai-num,hai-num,hook-taio,kia-waio,tatsh-tin,tshi-tai-tin,shī-pin,thlath-tun,hooh-tai,snōak,snoak,whai-ilh,a-kewaki,tuh-kit-tlā,penl-sō,ut-teis,tish,whik’-ătin,nīn-tsha-min,"hapil-thlimi, suh-tl-kowas",a-ke-tshum-a
60,Canoe,yoawh,huh-shō,hush-hō,tloo,,kloo,kloo,kil-wha,wha-kwinna,kil-wha,whak-winna,sniw-hilh,nu-whilh,a-ta-hush’,sno-whil,tsup-itsh,kai-ail-bid,wīlh,welhl,i-kanim,thlal-ash,tsai,tse,tsai,'klt-a-utz,klī-yih-ih,wasas,ya-ka-tsō-mtl
61,Moccasins,kwunn,tsoh-tsit-tsha,tsa-oshs,stail-kwanik,,stal-kun-gi,stas-ka-ge,kai-nah,te-paio,kai-nah,kwi-kwuh-shuh-sit-sai,sluki-hin,tla-dak-luk-ishin,,sluk-ghin,,yal-shin,kiahin,,skail-pa,kē-digh,kih,kēai,kih-kot,klil’-tse,kai-a-tshīn’,tl-kam,hlā-ene
62,Pipe,tsuk-ta-keit,huh-pi-yan,hah-pai-an,halh-e-dau,,skads-oot-la,nit-lun-gai-do,kah-kup-adsi,wuh-ătzi,wuh-ătzi,wuh-ātzi,sput-māla,wuh-atzi,pāwk,sputē-malē,kwsh-sutz,pāwk,kos-ko-hun,hos-koh,kalā-mat,du-tshouk-up-utā,tsi-ka-tsuh,nun-te-katzi,tsi-li-gatsi,tsa-kō-hes-tin,sin-e-min-ooh-tin,tshal-āmat,koos
63,Tobacco,kunsh,im-do-kum-she-wa,damp-shi-wa,kwil,kwul,,gwul,kā-pilla,tlow-kwa,tlow-kwa,tlō-kwa,spātlum,ow-awh,smanish,spat-lum,tlu’-oak,si-manish’,kwl-ē-mihin,kai-noolh,kai-noolt,tla-uk,tsul-loo,tsul-e-o,ta-kā,smā-nih,sin-en-ooh,touwah,yā-ket
64,Sky,"kootz, ti-ki",luh-ha,luh-ha,ushā,,yēn,kwai,ei-ki-ah,lou-wa,lou-wa,nāla-ykn,skwai-ul,thloak,skwa-tshung,swail,tshīs-ki-yu,sla-hel,ske-tatshi,skātl,i-goosha,shē-āwa-shu-dooh,yat-ah,ya-taka-hon-zo,yah,ho-kup,hih-a-mas’-kat,to-whun,a-kitl-mī-īt
65,Sun,"kuk-an, kha-kan",kim-a-kum-dzioos,kim-muk,jewī,,tzoo-rē,dzi-kwai’,tlik-eou-alleuh,klit-shi-ooalla,klit-shi-ooalla,tlīsh-illa,si-ok-um,tad-jiss,sko-kol’,siā-kum,klo-pun,slo-kwālh’,,kwul-is,a-kussa,shin-ih,tsuh,ytl-kun,tsah,snuk’-um,spuk-un-ne’,an,no-kun-mī-tun
66,Moon,tīs,kim-ākum-ātuk,kim-ākum-ātuk’,'kung,,kung,koom,ki-tsua,no-shi,no-shi,muk-willa,til-kāltz,tad-jiss,tla-kal’-tsh,il-kants,ho-pulh,slo-kwāl’-um,,til-ēim,uh-tlimin,tlookĭ,,al-tzi,,klā-min-tin,,ulhaih,na-tun-e-ke
67,Star,kuth-an-a-ha,pi-ālst,pi-ālst,kail-ta,,kai-tza,kai-tza,ki-hi-kat-sa-wa,tŏ-tōa,tŏ-tōa,to-to,kwas-sun,koo-shin,kwas’-sin,kwa-sin,ta-tōs,tsho-sen,,kaihā-na,iti-kaih-yinaba,mashī-mitz-tl,sun,sun,sum,koo’-koosh-int,kukoo’-sum,haslo,a-ktl-nōs
68,Day,yuk-i-e,tsī-ooh-tit,tsioos,shang-lan,ut-ka-gun,,sung-lod-lun,nuh-kwa,kwăk-illā,kwăk-illā,nāla,skwai-il,tzoak,kwat-hē-in,skai-lit,apa-wintl-nas,sla-hel,ōtis-keh,spōa-tuk,a-wa-ka-thluh,alē-sho-no-hatsh,,klan-un-tzi-koole,,skĭ’-it,satl-hā-lit,pat-shwai,
69,Night,ta-at,hoo-apun,ho-āpl,shing-ia,al-gă,,sin-ki,ka-noolh,kā-nootl,kā-nootl,kā-nootl,snēt,dāwk,snĕt,sne-it,ut-hai,tlā-hiluh,pit-tooh,oalī-is,hubehi,in-tlit,hut-līh,alt-ī,tsis,shī-th,spo-koo-etz’,pat-shoomish,tshl-mī-tun
70,Morning,tsoo-tat,kun-klāk,kun-tlak,shing-ai-a,sing-āi,,sun-gai-tlun,kia-lim-nuh-kwa,wi-ootle,wi-ootle,kă-ā-la,ne-tuts,hudji-kwoi,kwut-he-o,ne-tilh,koo-ulh,thloap,pe-ti-kwi-ho,thla-oohl,kudooh,īdawh,ka-pun,alt-kun,pun-da-ta,nan’-et’-ooh,skwē-kust,maistki,witl-num
71,Evening,ha-na,tse-ad-tsi-ai,tlad-um-hopl,sing-e-dalĭ,sing-i-a,,sing-i-dul,ih-āla-ka-noolh,kā-nootle-ni-kwilla,kā-nootle-ni-kwilla,jā-kwă,swhun-ā-nit,da-ādat,thal-īnet,whin-ent,toop-shitl,set-lal-ghe,pitsk,oalī-is,thoosti,tsool-tsoo-tsim-īsh,hut-līh,na-rlh-ril,na-ai,sa-ā-ap,skai-akadle,kwul-owīt,wutl-kwai’
72,Spring,kwt-an-ku-wuh-a,kau-im,tla-la-hlam’-ix,shin-kin-is-lă,,,kin-gut,hai-nuh-en-a-kwilla,kooh-whan-no-kwilla,kooh-whan-no-kwilla,hai-unuh-pa-hit,kwei-kwil-ōs,tlei-tshoos,kwai-a-luz,skwēl-is,kluk-shitl,li-hē-hed-dem,,moa-lă-hum,owa-humdi,loo-kwil-hoot-tshish,a-gol-tsin,nun-katzl-ho-ta-zulh,shi-in,in-ōth-a-ka,skai’-aputz,shatum,
73,Summer,te-a-ka-wut-ah,shoond,shoo’-unt,kuain-it,,,kin-i-a-ko,hai-nuh-ena,nai-innuh,kooh-wha,hai-unuh,sum-kwa-luk-wa,tluk-wowi,kol-tus-ul-tun-un,tum-kwa-kwis,tlo-puai-it-sha,pun-hud-dem,sin-in-milk,,tshuh-wai,ne-kwool-hootst,tan,hong-zil,tai,pī-pun’-ha-uk,sā-antl-kgh,wī-sīk-nin,
74,Autumn,yēs,kshoowt,klak-shoo’-ut,tshan-oot,,,ta-ta-ril-ga,geh-alla-tsu-unnoh,tsu-innuh-in-o-kwilla,tsu-innuh-in-o-kwilla,tsāw-unuh-pa-hit,a-hai-til-kit,shoo-shoo-teks-yid,tĭl-kwal-kālh’,tum-kwa-luh,ah-ietsha,lut-tus’-im,pun-yaioos,,twhal-al-adi,tuh-ow-kem,,un-tsa-kulla-ho-ta-kus,ta-git,shō-uz,stih-eai,kiām,
75,Winter,tawk,kāum’-shim,kāum’-shim,shin-ge,,,ta-di,tsoo-unnoh-enna,tso-innoh,tso-innoh,tsāw-unuh,soo-titsh,sō-tit,tin-sā-tuh,tum-haik,tso-itsha,pun-tus,pun-tlīlh,,,shoo-tīk,,hong-ka-zone,hwai,shoo’-tik,si-is-tith,anum,
76,Wind,kil-tsha,pa-ask,pā-ask,tut-tshao,,ta-jow,ta-dzoo,u-alla,u-alla,u-alla,yōla,pō-um,shuh-um,tsh-anung’,spa-ha-lis,yu-e,shu-hoom,sluk-i-uk,stlooh,thulul,a-shoo’kh,nun-tsi,nīl-tze,ta-tsi,skuh’-um,snē-oot,kushit,a-koo-oo-mē
77,Thunder,hai-eatl,kul-lup-lim-la-ha,kul’-āpil-ē-ip,he-lun,,hī-ling-a,hī-lung-a,lu-wha-lish-la,su-a,su-a,kwn-wha,swhā-tkom,shwo-wha-ōss,swo-whā-us,swo-whās,too-ta,whe-kwade,stook,kana-wak-sooma,kin-wah-shooma,shai-oolh,ind-naih,enl-tin-la-pa,tīt-naik,skin-ikin-āp,stil-til-ā’-um,na-wīn-ătă,num-a
78,Lightning,hai-eatl-tawa-tliak,tsum-ti,tsam-ti,shi-haul-tin,,skut-ka-ulta,kli-gukoo,su-a,su-a,su-a,tlini-wha,sei-eishi-dip,hunuk-tshooh-ās,kwun’-a-la,ni-hun-ukut,kleha-shitl,spōs’-ade,thli-thluk-imilh,sh-ylthlow,luk-tuh,ai-ai-oothlum,ind-nita-ush,kwn-ta-tlek,tīt-naik-ā-kus,wul-ewul-i-kō’-shin,ist-sa-kumī,la-kaia-hit,a-kut-lim-koo-at-tit-lih
79,Rain,si-wo,wās,wās,dull,,tūll,dull,yoo-kwa,yoo-kwa,yoo-kwa,yookwa,tshil,thlum-ooh,slum-uh,slum-ooh,mit-la,kul’-um,husseil,stoolis,shkuste,alh-whilla,na-gooltai,na-kwtl-tan,na-whool-tan,skwīsh,sti-pais,toh-toh,wut-luk-ook-oot
80,Snow,tle-it,moax,moax,tāou,,taow,ta-show,nai,nai,nai,nai,ko-balh,ma-kai,ma-ka,mak-kah,kwoīs,ma-kwo,slā-ko,ā-shuk,ih-tsaka,'khai,yus,na-tshas,yus,mak-a,sim-a-hoap’,pooi,ā-a-kloo
81,Fire,kān,lukh,lak,tshunō,,tsa-no,tsā-noo,whil-toh,whil-tilla,whil-tilla,thlīk-ulla,kwei-ih,hai-uk,shuk-ōsa,'hai-’kh,in-ik,hoad,skwt-wun,mit-ship,wa-toolh,de-ogh,kun,kwun,kwun,spēms,saudl-shit’-tin,eiloohs,a-kin-ko-ko
82,Water,hīn,ux,ux,auntl,,kun-tl,kun-dl,waup,uamp,wāp,wamp,ka-ya,ka,kwă,ka,tsu-uk,ko,ka,kal,ih-tskwa,khla,tŏh,to,tō,kō,sē-wtl-ke,"tshawsh, tshish","wuh-ō, wo-oo"
83,Ice,tīhk,tauw,tauw,kul-uk,,kul-i-ga,kul-ga,tloah,tloah,tloah,tlōh,th-ow,spei-wi,slul-oh,spiwh,kōh,kawh,,tsh-eilipo,i-kuma,hoam-ugh,kol-uh,tun,tun,skī-math,soo-yem-tuk-kuh,toah,ā-koo-it-a
84,"Earth, land",kootlk,luh-yum,yu-op,klik,,tl-ga,tow-ge,ta-kum,skumsh,skumsh,tik-kīa,gi-ja,tum-wha,tung’-ooh,tum-oh,mam-maō,swā-ti-ooh-tin,timilh,timsh,il-too-el,hool-hloomsh,tlis,nun-kit,,tā-mi’-uh,sto-liwh,tītsham,na-am’-āk
85,Sea,tīt,luh-maun,maon,tung,,,tang-a,tum-mi,tim-mihst,tim-mihst,timst,kotl-ko,kwat-kwa,kl-atza,kwatl-kwa,to-pulh,whuldsh,skee-ool-ki,tā-wilh,e-dumā,shool-oot,ya-too,ya-to-ket,,koo’-’tl,in-tsau-luk-tse-whulh (?),ata-tshis,
86,River,ha-ti-na,kul-a-uks,kul-a-uk,kwai-un-gun,,,kun-dl,wā,wā,wā,wā,kwt-um,sta-low,stal’-oom,stah-lō,klit-sa,stō-luk,,ek-hailh,wīmas,tim-ooh,tse-rin-lin,ton-e-lin,tow-ka-hun-tsha,stu’-wa-uh,n-twait’-a-kooh,"wana, atwan",
87,Lake,āh,luh-tā,luh-tā,shoo,,,soo,kowss,kowss,kowss,tzilla,tzai-alh,hā-tza,hat’-ho,hāt-sa,noo-tshi,hat’-ho,,tsā-lil,with-lula,tshalh,ping,tai-o-tin,pun-gut,tsha-lālh,tshlk-ul-li’,watām,
88,Valley,sha-ke-ē,tl-kwit-ēn,tsau-on,uh-heit,,,hē-ta,,,,whili-kish,tluh-til-kād,sh-os-kō,is-tā-kwil,swhuk,itl-stīs,is-tā-kwil,,tlāk-ta-stimsh,nith-lum-aka,kno-kink,kool-kowi-tshīt,dil-a-kooi,,un-tshi-tshet’,is-in-tok’,umiti,
89,Prairie,ya-ke-klakt,luh-ni-pa,lah’-an-ēbā,tlik-il-yo-un,,,kli-gul-lĕ,eik-illish-tukoom-ow,eikts-ku-lish,eikts-ku-lish,sik-sai-ni-kwish,sa-ei-ya,spil-hin,spul’-hun,spil-tshin,o-oh-kwi,ba-kwam,kit-ma-koon,,ni-dum-kaima,ste-atī-ku-thlu-li-mi,klooī,nun-kut-ko-zoo,klin-sa-ke,spāl’-lum,hus-soo-le-ooh,tāk,
90,"Hill, mountain",shah,ska-nīsht,lah-tē,klit-ow,,,kli-gut-kai-zoot-la,eik-alli,kik-ai,kik-ai,nik-i-e,tā-kut,smān’k,sna-nit,sle-kun-sma-nit,noot-tshi,smā-nīt,smā-niti,smān-atsh,īts-bok-omah,"til-koolh, shimt",tĭdl-kool,tzatl,tsutl,skwum,es-lum-ok,pith-ano,
91,Island,khat,lik-stā,luk-stā,kwai-i,,,guai,klik-ai,klik-stais,klik-stais,mik-yona,kwil-thlaish,koos-ās,tat-la-it-his,klit-sās,tsha-tshiht,stet-hē,pē-nilh,nowitsh,a-ka-he,kut-tshilts,noh,tse-ra-ul-la,noo,kuh-hi-noo-ish,is-tshi-soon’-uk,ma-wi,
92,"Stone, rock",tih,lo-ap,loap,kwau,,hl-kā,skā,ou-mash-killish-tei-sum,tei-sum,tei-sum,teis-sum,ha-jaish,tlut-sha,sheit,sma-nit,,thu-tla,stik-ass,kais,i-kalamut,tuk-ught,tsi,tse,tsi,kut’-le,shin-ish,pishwă,"no-kē, ko-wutl-nōk"
93,Salt,ettl-koo-hook,mō-ān,mōan,tung-hlailla,,tang-a,tang-a-kā-ga,tum-mix,tim-pa,tim-pa,timst,kwō-tlom,tlā-tlum,tla-itlim,tha-thlum,to-pulh,tla-thlum,tlilth,,es-tzōl,shts,,to-tuzl-kun,,klāl-num,it-saul,itshi-kowas,kōs-kluh’-hun-ne
94,Iron,kui-yēts,ts-wutsk,tō-utsk,ya-utsh,yī-ē-dzi,,iret’-za,tsool-tla,kel-lih,kel-lih,sih-un,heitsh,hal-ing-tun,kum-tun,ha-le-tun,tsuk-i-min,snoak,,whail,eke-waki,kook-tan-il-ta,sat-sun,sha-tain,a-tis,whīk’-tin,oo-loo-lim,usti,nihl-koo
95,Forest,ā-us,kun-ākun,kun-ākun,kookh,,,lk-ai-un,,luk-wa,luk-wa,tla-tlos,kāt-lum,,skwai,sis-se-kut,tsoo-tshis,hatl,,,el-pitshih,shtin,kul-tzul,te-tshin-tlan,il-tzul,stlĭk-al-luk,tshus-so-le-uh,pitin,a-kan-tsit-lai
96,Tree,shit-klek-as,ka-wuts-kun-ākun,kun,sa-hants-ing-hi-ang,,,kuit,glo-osh,kla-osh,glo-osh,nun-tzakus,ja-ja,shat,sus-shatlh,skāt,,kooth-lai,tlih-til,swhal-speh,ih-tshi-komana,shmoash,,te-tshin-il-tle,,pal’-al-luk,ni-kwal-uh,luhs-eiluk-was,
97,Wood,kun,luhk,kun,tsha-no,,tsan-oo,tsa-noo,luk-wa,kla-osh,glo-osh,luk-wa,kwai,tziōt,kwl-le,shi-olh,in-nix-ia,kwl-kwl-le,oatsis,ubsh,skum-ona,koo-milh,,te-tshun,,suk-uz-īk,loak,eilukwas,"kloo’-kuh, hloo-ka"
98,Leaf,"kwi-an-ni, koon-yā-ni",ī-yin-nis,yan-is,tsh-il’-hil’,,hīl,hīl,kwah-ulla,ma-mai-am,ma-mai-am,kiam-ooma,sai-ja,ts-hāl-thla,satz-tshla,tsal-thla,kluts-i-kluk-ats-im,thol-tla,,,tsh-kwonh-ama,atl-wi-ēhalp,a-tan,a-ta,a-tan,si-gi-pool-īmooh,pīts-tshtl,apih-apuh,a-koo-hlup-e-ke-ih
99,Bark,hloon,mā-ish,mās,kwst,,hits-gun-tīl,ko-dze,huh-kum,huh-kum,huh-kum,ha-koom,ta-i-adh,slai,thul-li,slai,tsuk’-um-is’,stub-id,,,ish-tsha-kup-shuk,kli-kla-kwilhp,ul-uz,lat-uz,ā-lah,slā-kuk,tshi-la-louh,apuh-eiluk-was,a-kits’-katl
100,Grass,tluk-īsa,ki-oaht’,kī-oaht,'khun,,,khun,sā-kwān,kei-tum,kei-tum,kī-tum,tlu-kum,tzāw-hul,suh-sa-hi,sa-whun,,tsa-whin,sma-koom-omsh,klit-stī-ip,watsh-kuti,shil-awsh,kloh,klow,klō,tsup’-utz,soo’-poo-le-o,waskō,tshā-ilh
101,Pine,ās,na-ka-luh-sha-kun,,ski-an,,,,tlaowsh,tlaowsh,tlaowsh,howh-mush,spai-ad-ailh,slai-up,,skat-slai,kla-us,,,,e-tshuksh,mesh-emi-shalp,tshin-too,,,kos-ul-ē-it,,tapas,
102,Maize,,,,,,,,,,,,,,,,,,,,isal,,,,,,,stooh-thloo-ākoolh,
103,Squash,,,,,,,,,,,,,,,,,,,,,,,,,,,plash-plash,
104,"Flesh, meat",klin-a,shum-mi,shām’-mi,kiā,,ki-ra,ki-ra,noo-la-kummi,me-us,me-us,ultzi,skei-gia,smai-ats,sliwk,smi-ats,tshis-kum-mis,bai-itz,shīks,stsowh,ni-kei-wak,skalh,ut-sun,but-sun,ut-sun,tse-e,skai-li-kuth,ni-kwit,a-kut-lak
105,Dog,kētl,hā-as,hā-as,hā,,ha,ha,wāts,wat-sa,wat-sa,wats,tzia-dho,sko-mai,ska-ha,sko-mai,iai-nītl,sko-be,ska-ha,tloot-tlool,kwas-let-hulum,watz,klīn,klin,kli,skā-ha,nuk-’ku-kos-umī,koosi-koosi,ha-atl-tsin
106,Buffalo,hootz,,,tan,,,,,,,,,,,,,,,shai-um,moos-moos-kili-muh,,,,,,sumĕ-hai-it-tshin,moosi-mostzin,nilt-sik
107,Bear (black),tsīk,olh,olh,,,tan,tahn,sāi,tla,tlāi,tlai,me-halh,spāht,ish-thit-whun,spa-as,tshim-itz,ish-thitī-whin,,etshoot,na-thla-lis-kin-kwa,'klā,sus,sus-tlut-us,sus,mē-hatl,,ana-hui,nip-a-koo’
108,Wolf,kow-tsh,ki-bauw,ki-bauw,ho-ootz,,koo-dze,kwootz,te-wha,koosh-eils,koosh-eils,ātlul-lum,tla-hlōm,sti-kaia,stikaio,sek-kaia,guai-utsk,sti-kaio,kai-noon-thli,,skei-look,yoot-sa-kwagh,nun,noon,yush,skow’-um,n-tsi-ut-sun,halīsh,ka-kin
109,Fox,,,,,,,,ha-tse-iuh,,,,,,,,,,,,dow-ap-tow-ap,at-shai-a,"ya-ho-un-li, nan-shis",,nan-kuz,wāl’-luh,,lootza,nai-ke-you
110,Deer,kua-kan,wunn,wunn,kauit,,kat,'kāt,,kā-meila,kā-meila,hai-was,skei-ga,hā-put,smai-is,klulk-tuna,moo-witsh,ski-gwatz,stlul-alth,,liluh-lah,tshoo-pa-nīlh,nītsă,neist-zi,is-tsi,tsi-i,tsuh-o-liwh,tsha-too-īlli,kshup’-ka
111,Elk,wut-sish,wit-zi,wid-zī,wut-tsish,,,,tlow-ils,"a-li-kun, a-la-gim",tlow-ils,tlools,ske-itsh,ai-yēs,kwa-waith,kwai-e-itz,klo-nim,kwa-goo-thin,slit-hin,moal’-ak,im-olak,sklimā,,pitzi,,tuh-ātz,sni-tshitl-se,wīnat-wī-ap-nīt,kitl-katl-le
112,Beaver,tsi-ge-di,stsōālh,stsōālh,tsing,,tsung,tsing,kou-loon,koo-lon,koo-lon,tsaoo,,,skul-laow,skul-law,ak-to,stuk’-oh,tlhuk-illik,,ni-kano,ko-lon,tsāh,tza,tsāh,skul-ow’,skul-aow,iha,sin-na
113,"Rabbit, hare",kāk,nuk-kui-ad-uh,,ha-ul,,,,,,,,,,,skul-a-wās,,,,,il-al-ik,khah,koh,,koh,skwoi-īth,,wil-alīk,kī-an-klum’-na
114,Tortoise,,,,,,,,,,,,,,,,,,,,n-kup-shal-was,,,,,,,alasīk,kuh-uh
115,Horse,,,,,kaiu-tin,,,,,,,,,ste-ke-oo,sti-keo,,,ste-ke-oo,stleits-umilh,keow-tan,ahl-ha-pa-laiok,yungs-a-kīn,,yuz-kli,tsa-ska’-ha,,koosi,te-kutl-kā-ut-sē
116,Fly,tle-thlu,ki-ik,kī-īk,stlal-ti-kwon,,kwul-hai-gwun,tsil-kul-toon,ka-kut-tenna,ka-kut-le,ka-kut-le,ka-ka-teina,,,kuk-i-ahun-na,hoh-whaie,māts-kwin,ow-haio,,,n-kainoh-ihi,ma-mish,as-tsus,ast-zi,tsus,skwas-ses’-ko,ham-al-tin,la-wip-tathla,a-ko-koo’
117,Mosquito,tah-kha,ki-ik,kī-īk,stlal-ti-kwon,,tshī-kul-di-gwa,tsil-kul-toon,,,,tlīs-tlina,,,kwa-an,kwah-un,a-assitz,thetz-akus,pshaik,opunitsh,a-pona-tshuk-tshuk,pik-’khim,tsih,tzaih,tsih,kwal-ē-mak,sil-la’-kus,wă-wā,kats-tshut-la
118,Snake,slēk,hit-hal-al,mit-hal-ālt’,sik,,,si-guh,ka-kil-kwa,sē-tlum,sē-tlum,seitl-hlum,,,sāl-ki,uhl-khi,hai-yia,bat’-zās,,,tlali-ksiow,pa-pēnk,kla-us-tsin,tse-rad-al-koi,kla-gus,na-whoai’-it,tshe-wil-le,puls-kwai,a-kin-ootl’-hlam
119,Rattlesnake,,,,,,,,,,,,,,tsuh-tun,kwata-hum-nih,,wah-poos,,,uk-owl,oan-tshap-tilh,,tan-ne-nuz,,sa-a-tĭn’,hai-ood-le-ooh,wah-poos,witl-matl
120,Bird,tsut-si,tso-uts,tsō-uts,hut-ait,,,hē-dīt,tsi-ko,tsi-ko,tsi-ko,siwkh,,,mā-ak,ma-uk,ma-mat,"boak, moak",pēp-saio,smaiko,ik-tseno,tsīk-tsi-pē,,,,spa-pa-zo’za,whi-whai-ootl,ka-kia,to-kuh-kān-e-na
121,Egg,kwut-ti,tl-kum-ma,tl-kum-at’,kow,,kow,kow,kul-hum,kul-ha-min,kul-ha-min,sik-wuno,,,kwn-kwn-āl,tsa-hāls,kun-a-nām,a-oas,kōk-stemlh,shoās-tumilh,is-pē-minah,hsh-pā,ā-ris,puk-ka,ug-iz,a-ō-ish-a,oo-oos-se,"ta-mam, ha-si-low",a-ki-muk’-ān
122,Feathers,tuh’-a-um,lim-tso-uts,lī,tuh’-a-un,,,ta-ghoon,tsil-tsil-ih,tsil-kem,tsil-kem,tsil-tsilk,,,stlipal-kun,stil-pal-kun,moohl-ha-pēt,stoak,,,dsa-kein-skuk,spo-shul-īk-tl’,"tshus, tah",put-a,put-zuz,ō-kwul,spoom,wap-tas,a-koo-klup-kā
123,Wings,ut-tu-kīh-e,nuk-uk-ai,kuk-ai,ni-hui-a,,hiai,hī,kle-la-pum,mahl-ma-tum,mahl-ma-tum,pat-lim,,,tlk-a-al,istli-kān,thlip-as-pat,them-ta-lā-had,,,ispek,'koop-oo-ult,ut-ah,ta-tzun-uz,put-tah,sluk-ā-al,stashi-wa-han,wainat-owas,a-kin-kō-in
124,Goose,"ta-muk, ta-moogh",hā-uh,ha-ush,tlke-wm,,hl-ki-toon,tl-kīt-koon,un-kuh,un-kāk,un-kāk,,,,lā-whun-na,uh-ha,ho-ook,uh-ha,hi-hai,kullā-kulamuh,ha-ho-ma,ha-hatl’,huh,huh,hah,kus-sē-huh,kwus-iwh,kula-kulāmah,ka-koot’-hlook
125,Duck (mallard),kin-tat-tshoo-net,na-nāh,na-nāht,ha-uh,,ha-ha,ha-ha,nas-nuk,"nis-nak, thlal-keo",nis-nak,tlalt-jo-nuhāk,,,tun-uksin,tun-uxin,na-ha-titsh,hat-hat,,,na-gueh-gueh,na-him-ish,toon-ootle,toon-otl,,koo’-sā’-tlin-atl,ses’-tle-whoon,hāt-hăt,kan-kus-kos-eka
126,Turkey,,,,,,,,,,,,,,,,,,,,,,,,,,,,
127,Pigeon,nu-kwut,,,nu-kwt,,,kuls’-de,hum-kia,ha-um,ha-um,,,,hub-bo,hum-ma,hum-ā-hum,hum-mo,,,nat-skoon-skoon,ha-um,,ten-ne-ke-al-tik,,nuk-ku-lā-kik,hut-tsa-hoat-sun,a-a,
128,Fish,,,,,,,,mā,mā,mā,mama-ōmash,,,,sa-kwi,,,,,n-skud-ake,shim-ilk,klo,,kluk,tsetz’-kwaz,,waikā-nush,kus-t;e-tă
129,Salmon,hāt,hōān,hoān,tshein,,ta-run,tsī-na,"dso-wun, hai-shun","dso-wun, hai-shun","dso-wun, hai-shun",kioo-tilla,,,kut-huks,sa-kwi,tso-wit,ko-whitz,pooi-malh,til-kulumā,eti-kwin-at,āmish,,hlook,ta-lup,tsō’-kwaz,sam-tlīh,noosoh,soo-wuk’-a-moo
130,Sturgeon,,,,,,,,,,,kwa-taioo,,,kut-tai-is-sin,koo-tai-tsin,,,wā,,ena-kwun,koo-tai-tsin,,tlook-ă-nun-uz,,hāw’-itl,tsum-to,wīlops,
131,Name,,wān,wān,ki-sin-dung (?),,,ki-rung,to-unt,kli-kum,to-unt,tlī-kum,,,sna,skwi,,sna,skwats,,yak-ileo,stōm,,now-on-zi,,skwa’-thith,is-kwist,wa-nīksa,
132,White,kli-woh,moakst,mō-ksk,hat-tuh,ut-ta,,ka-di,moak-wa,moak-wa,moak-wa,milla,,,puk-uk,puk,klis-ook,whī-ko-ko,tskooh,,nats-koop,ts-wuh,kli-yul,hle-kul,kli-yul,pu’k,ī-piuk,kooi-uh,
133,Black,tooh-yah-yah-te,to-wts-kut,tow-utsk,tla-hile-ga,hlā-hl,hai-da-mas-a,tl-kuhl,tso-ul-tlum,tso-ul-thla,tsu-ul-thla,shoo-thla,,,nuk-eih,skih,toop-kuk,nem-ith,tshnuk,,nat-thlāl,sk-ish,klit-is,hlit-us,tul-kush,kuh-kwēh,yuk-wai,tsi-mook,kum-ko-kuk’-uhl
134,Red,kan-yush-eti,mish-kit,mīsk,shaeta,si-ēt,mesh,ske-it,tla-kwa,tla-kwa,tla-kwa,tla-kwa,,,ni-suk,skwīm,tlīs-sook,heh-kwetl,ksh-teik,,nas-pāl,mook,til-til,tul-kun,,tshuk’-hē’-a-ko,ī-kwīl,lootsa,kun-ō-oos
135,Light blue,tsu-yuh-ya-ke,kwsh-kwās-kit,kwās,hutl-ilh,kin-hlilh,,kwol-kulh,tēh-sto,thlin-ih-sto,thlin-ih-sto,kow-whilish,,,,tsa-tsa-hum,yuh-pēts-yuh,,,,,kwaih,tintl-tsau,nan-tzul-tzul-kun,til-kus,kwuz-kwaz’,i-kwad-lī,,
136,Yellow,nī-kwilk,yen-al-moash-kit,smīsk,kun-tlh,,kun-tlulh,kun-tlulh,,,,thli-niha,,,,lul-lets,'klih-howk,he-kwatz,,,,mook,tul-tsau,tul-klin-al-ti,tul-tsau,kwul-le’-a,yih-kwai,,ka-muk-e-tse
137,Light green,tsu-yuh-ya-ke,mit-līts-kut,mit-mit-atuk,hutl-ilh,ohlh,,ski-now,ta-te-tshol,teih-sum,teih-sum,thli-niha,,,ne-tlulh’,tskwai,tsis-yookl,he-kwatz,,,,kwli,tul-tsau,tul-tsao,tul-tsau,kwul-le’-a,īh-kwīn,,
138,"Great, large",a-kwuts-kwo,wīl-eiks,wīl-ēiks,yoo-un,,,yoo-un,ow-mash,kai-kash,kai-kash,wā-lash,,,djuk,si,,hē-kwh,tāwlh,tāwhl,yakailh,tl-kwa-natsh,,nin-tsha,,huz-ōm’,kwt-oont,untshī,
139,"Small, little",klit-tshin,tsooshk,tsoosk,it-tsoo-tsoo-ka,,,kut-soo,um-me,um-me,how-lal,amā-paito,,,ma-mēm-in,mai-men,,mim-mān,whēl,hook,yakaits,kai-ku-ti,,nin-tsool,,kwē’-a-kwus,tl-koai-yo-me,iks-iks,
140,Strong,,kut-kit,kut-kit,duk-yi-a,,,ta-gwia,thlow-kwemush,thlow-kwemush,thlow-kwemush,thlow-keimas,,,kwam-koom,kum-kum,hauk,kwe-koo,shwitik,sup-uk,in-jas-kow-ilik,tl-klk,gun-zun,nul-tuss,til-tush-ā,urul-arul,yaw-yawt,,
141,Old,shān,wit-agh-kid,wit-agh-kit’,kuai-a,,,kai-a,no-ah-kulla,no-mash,no-mash,nomash,,,as-al-looh,si-alo-wha,mih-took,lo-lotl,at-nāwlh,shooh,ya-keook,il-kwil-hiā-num,,ta-kol-tin,,ktl-tlim’-in’,puh-pa-hoat,hooh-sād,
142,Young,klek-lu-ta-shans,shoo-push’,shoo-push’,at-un-ena,,,kow-dl,ha-a-puh,hăpuho,hăpuho,hail-thla,,,swe-wuz,swe-wīl-us,ha-wilkhl,thlowt,mai-in,kwalimh,kas-kas,tsāht-le,,kla-ta-kol-tin-illa,,tow-wē-wut,is-sitz,īna-waw,
143,Good,yuk-ke,ā-am,ām,li-o-unga,,,lag-an,aik,aik,aik,yk,,,ai,ei,klooh-li-e,na-atl,tlā-kŏ,tlakh,i-tookti,iai-ā,,nuz-zo,,ām-a,heist,shīnh,
144,Bad,kle-koos-ki,ātuhk,ātuhk,kum-lāngan,,,ta-ghunna,yeih,yuk,yuk,yas-him,,,shā-as,kul,wīk-hai,sā,hust,huh-sās’,ya-kumula,stīsh,,nun-tzun,,kul,tai-ye,tshai-looīt,
145,Dead,woo-na,tsuk,tsuk,koo-tulh,,,kood-wulh,thlil,thlil,thlil,thlul,,,kwōai,ke-ai,kuh-shitl,a-tim-it,ā-tim-in,a-ti-min,yoom-uks,at-tumā,,ta-zan,,zō-uk,til-li-dli,itlī-āwia,
146,Alive,kle-woo-na,te-too-wilhs,ti-tools-wilh,he-ning-ashen,,,hai-ning-a,kwilla,kwilla,kwilla,kwullā,,,hul-le,ulle,tītsh,hul-le,is-pul-loohum,tlawk-atsh,yaw-komni,ni-nitshis,kla-tshata-sneh,tshun-kwa-kwnī,,,tas-til-li-dli,tli-awi-ulh,
147,Cold,whus-i-yat,kwutuk,huh-kwatux’,whī,,,whī,kenneish,kenneish,kenneish,kin-aish,,,tsā-tlin,haik,ukl-tsim-uh,stlāh,tlīlh,pa-mās,tshas-tshuk,ski-ilish,kwool-kwool,na-sus-tli,wuz-guz,hulh,tsa-dlt,tsi-waia,
148,Warm,ko-at-ta,kium-uh,kium-uk,ki-na,,,kī-na,koos-hwa,koos-hwa,koos-hwa,sil-kwa,,,kwal-luz,kwa-kws,koop-a,nooh-skwl,whullā,whul-lā,sa-tā,kwilish,kun-ā-zul,sut-an-as-il,wuz-ul,kump,ik-wa-kwa-itz,la-whi,
149,I,"hāt, hut",neuio,neuio,hla,,,dī-a,nei-sho,nei-semo,noo-kwa,nookwam,tshi-dilh,un-tza,us-sa,un-sā,si-yuk,tza,untsa,untz,ni-ka,insh,tsun-uz,si-it,nĭ-yun,un’-thim,ko-yeh,einuk,
150,Thou,weh,"neunt, noon",no-on,tungā,,,dun-ga,yeu-so,soo-um,kus-sō,soo’-am,ni-gi,tan-owa,nuk-wa,no-wa,soo-wuk,dug-wē,nooi,noo,mi-ka,tīno,nun-uz,nin,shi,snoo’-a,un-noo-ī,eimuk,
151,He,yu-ta,lip-nīt,nīt,wun-ni-sha,,,la-ah,kai-tanna,yu-multa,kai-kwunna,yuk,to-tlel,too-nilh,tsun-nuk-wa,tsout-la,ya-uh,tsun-ilth,,koo-bai-ka,uh-ka,to-ush,koo-yin,ne-yan,un-na,snē-itl,tsin-ilth,pinik,
152,We,ohan,"neumt, tip-noom",noom,tul-lung,,,īt-la,nu-kwānnuh,kaium-keata,noo-kuint-uh,yinooh,tāt-noo-ap,tuh-nei-malh,utl-ne-nlh,thlei-mel,kut-tsi-tsu,dēi-malh,e-nīm,uneim,nis-aika,wath-loop,to-ro-tus,nin-kont-lan,un-il-tit,woo-snē’-motl,kain-pile,nāmuk,
153,Ye,ih-wan,neu-ĕsim,neu-ĕshim,tul-lunge,,,da-lun-ga,he-yuh-so,kai-kussa,kai-kussa,yih-ta-hoot,tāt-se-ioo,tuh-willup,nuk-wa,thloo-willip,,gool-lā-po,ei-lopa,tla-dai-ka,mis-aika,wa-thlun-īlth,,hon-tail,,,ni-pil-le,eimāk,
154,They,tshul-tuk-ut-us,tip-nīt,tip-kwīt,kla-a,,,wad-zo-hunna,kai-tauna,kai-kwanna,kai-kwanna,yil-ta-whuk,noo-ap,yis-sā,,tow-klallum,ut-tshak,tsā-nlth,tsini-oumilh,kla-bai-ka,thlas-ka,wal-tsukh,tsa-uz,kunt-lan,tsi-i,wha-ēt,tsin-ni-ilth,,
155,This,yāt,kwi-it,kwa,ah-a,,,a-ah,hai-gi-gana,illi-guh-kwana,illi-guh-kwana,yih-kiā,tei-dha,seina,us-să,te-innē,,te,te-a,yook-ook,kowia,teā-ish,nihlti,si-it,,il-te-ā,i-ye,pinik,
156,That,yoot,nah-kwi-it,kwīt,ats-kul-ta,,,wa-ah-se,eai-duh-ei-tshina,illi-kaih-kwana,illi-kaih-kwana,yih-ha,stā-dhe,tineina,tis-sa-a,tsin-itsa,,ta-de,tak,koos-alla,yah-ta,tish-at-aish,koo-yit,ne-tza-sut-a,n-gunī,il-te-oo’,se-tshut-si,ikōni,
157,All,tshul-tak-ut,,tĭhāni,watl-wan,,,wad-lu-hun,a-kaimma,a-kaimme,a-kaimme,wailum,stat-amok,sto-muk,muk-whus-whal,wi-mukh,kwu-kwis-ahtki,nuk-hil-up,whā-ko,thlewish,tung-ow,kwal-at-stuh,kont-lan,kwan-tlan,tsi-uh,tā-kum,si-ya-a,tlaoh,ka-pē
158,"Many, much",shi-ki-ti-hāin,wi-hēīlt,wī-heilt,kwa’-ni-ka,,,kwān,kai-num,kai-num,kai-num,kainum,kuh,kuh,n-gun,kuh,iai-uh,kā,kuhl,thluh-awi,a-da-tilh,sil-uh,hlan,thla-a-tla,ti-ti-ni-tlan,wha-ē-it,wha-īt’,"hilak, iluh",
159,Who,ta-si-o,"ne-ad-a, tip-na",,,,,,un-kwa-its,a-kwo-its,a-kwo-its,un-kwi,gi-āt,st-wāt,nl-thlatshi,wet,,gwā-tshi,wākl,wāt,tshān,walk-shut-uh,,nun-tzui,,soo-wāt,hlō-wet,shīn-aua,
160,Far,na-thle,weī-tō,wai-to,tsi-na-gun,,,dsīng-a,kul-alla,huish-alla,huish-alla,whī-shala,de-āji,tzawk,lē-ul,tsakh,sai-ā,lēil,lē,tā-ooh,yatlste,īh,nihl-zut,ni-zat,nihl-tsa,ka-kā-oo,el-koot,wī-i,
161,Near,klek-lu-na-hle,kai-um-gwa,kai-un-gwai,a-na-na,,,a-hun-ung,nooh-whalla,nooh-whalla,nooh-whalla,noo-whāla,eai-bek,dzitas,o-us-le-ul,stut-es,un-na-as,thei-theit,ya-kimlh,yātsh,kwameihi,etsh-thle,,till-took,,kī-ka-ta,kl-tshī-tshet,tsā-pa,
162,Here,yāt,kwa,ki,hail-kwa,,,a-ah,hai-di-keada,,,lā-wha,deish-āpe,teima,ti’-ye,e-tunna,,tī-ye,lē-uh,,tsaba,woo-oa-wha,,hun-te-nen-tsho,,il-te-ā,ī-e,itsheinuk,
163,There,klē-gha,kws-kă,kwīt,wa-kwa,,,wa-ah,,,,yā-ha,tā-di,tin-eina,tus-sa-a,ten-ne,,ta-de,hi-ān,,yah-eiba,tow-ush,,hun-te-tsho-nen,,il-te-oo’,tsin-a-ko,īkōni,
164,To-day,yai-yuk-ya,ki-aun,ki-āunsa,ai-ut,āi-yut,,ha-it,eish-tlām,kwa-kul-aio,kwa-kul-aio,kwan-āla,tzōk,tin-akwai-il,te-a-nook,tenne-weil,nās,te-sla-hel,te-skeh,tīts-kwilh,tsawi-e-loogwa,at-ti-shoo-nuh,kun-tsin,tzan-uz,kan-it-zin,tsha-kos-kē-it,yes-hatl-ha-dlt,ītshi-tilkui,now-sun-mīt-ka
165,Yesterday,tat-si-ke,kit-tshīp,kit-sīp,ut-ahl,ā-dahl,,ta-gha,klan-tshēhka,klan-tehe,klan-tehe,tlan-tsooi,shish-jāsha,tzil-ahut,thul-a-kutl,kut-sil-ākult,a-mi-inti,tool-alt-dat,keilt,ti-eillis,săk,al-too-nī-sha,utl-utl-tan,utl-kutl-tah,utl-ta,in-aĭ’-ta-whus,spēst-sē,watim,watl-koo
166,To-morrow,sē-kun,tshik-ātshīp,tshik-ātshīp’,ut-ahl,,,sung-od-lun,klun-slatsh,klun-slatsh,klun-slatsh,tlan-sla,kwēi-shun,kwai-ilsa,too-whun-alt-nat,wai-list-sā,a-mi-itli,da-da-too,,wauhe,kudoh,iai-nooskh,utl-kun,utl-kun,pun-ti,tl-pi-shē’-les’,nah-al-līp’,maish,kun-mī-it
167,Yes,ke-ka,nīt,nīt,a-ung,,,ang-uh,kea-a,lah-ma,lah-ma,kahtl,gid-awh,o-seit,a-ah,wus-eit,ah-ah,hol-la,,ah-ah,un-wit,o-ah,ah-uh,ha-uh,hā,e-i,oonē,li,
168,No,klēk,a-īn,a-īn,ka-no,,,ko-wunō,kio,ki-oosh,ki-oosh,kī,whā-a,owa,a-wun-na,owā,wik-eit,whē,mēlta,meilt,na-kai,ahk-o,toh,tā,own-tuh,whās,ta-a,tshāoo,
169,One,tshat-lēk,ke-ul,ke-ul,tsa-han-tsin,swān-sung,,skwan-sun,no-ah,num-ook,mu-ook,num,pa-a,nutza,nit-so,ne-tzā,tsow-āk,da-ho,ōtsis,paow,īht,shmow,inl-hi,i-tlah,tloo-ki,pol-la,nuk-ko,luhs,o-kē
170,Two,teh,koo-pl,koopl,stung,stoong-a,,sting,ma-looh,māhl,ma-look,māh,sa-a,isa-la,jes-so,ĭs-sa-le,ut’-luh,sa-le,sā-le,sāli,moht,itl-noosh,nan-kuh,nan-hi,nan-koh,ān-o-ush,is-se-dl,"napo, nīpit",a-as
171,Three,nusk,whl-li,kwul-le,hla-whnl,tl-kwun-ihl,,tl-kwun-ilh,yu-tooh,yu-tsh,yoo-took,yoo-tooh,tshā-las,thliwh,thliwh,thlewh,kut-tsi-tsuh,thliwh,kialthle,tshāl,thloon,as-moos,tai,tai,ta-gai,ka-tlash,tshe-tles,mitāt,katl-sa
172,Four,ta-koon,thal-puh,tuh-āl-puh,stan-sung,stan-sung,,stun-zing,mōh,moascum,mook,mōh,mōs,ha-hun,n-gas,ha-as-sin,moo,moas,mos,moas,lakit,mooas,tī,tēĭ,tin-gi,ō-hīn,moas,pi-nīpit,ha-at-sa
173,Five,ki-tshin,kus-toons’,kus-toons,kli-lth,klē-lhā,,kla-lth,skeas-kum,skeas-kum,skiowk,si-ka,si-ashus,tl-kat-shus,tl-kat-his,tlk-as-sis,soo-shuh,tsil-atz,,seilsht,kwinum,tsi-ooh,is-kun-la,skwn-lai,is-kun-lai,tshi-likst,tzīl,puh-āt,ye-ko
174,Six,kle-too-sho,kahl,kāw-ult,klu-nlh,kloo-un-ihl,,kloo-un-ulh,kat-las-kum,kat-les-kum,kat-lowk,kat-la,tuh-um,t-hum,tuh-ung,tuh-um,noo-po,yel-atz,tuhum,seītih,tuh-um,tuh-oolh,utl-tshun-tai,atl-tshan-tai,ĭtl-koo-tagai,kla’-kum-ekst,ta-kun,ptuh-nīns,en-mis-sa
175,Seven,tuh-a-too-sho,tup-hohl,tup-hō-hlt’,tshi-kwa,sik-wā,,dzi-goo-wa,mās-e-mows,mās-e-mows,mās-e-mows,atlpō,tsō-tshis,tzawks,tsa-kwus,sa-kws,utl-poo,tzooks,tsōāps,tso-aps,sini-moht,nush-al-tshlim,utl-tshun-tai-gut-inl-hi,ut-tsha-tal-te,il-ta-gunl-ti,thoo-tle-ka,sis-pitl,toos-kas,us-tat-la
176,Eight,nuts-ta-too-sho,yooh-til,koaldh,stan-shung,sta-ĕn-sung-a,,stand-zoo-ra,,yoo-took-sim-ows,yoo-took-sim-ows,mal-koon-ath,ta-āt-shis,tuk-atsha,ta-a-sis,tuk-atsa,ut-la-kwhl,ta-ka-the,,soauh,kwīlh,itlinoos,guh-in-il-ti,nan-ket-la-kul,il-kut-ting,kul-ōpst,he-e-num,puh-at-oomas,wo-hat-sa
177,Nine,koo-shook,stum’-oasht,kus-tum-oās’,klash-wash-in-go,klā-al-swan-sin-goo,,klat-le-swan-zingoo,ma-mes-kumma,na-num-skumma,na-num-skumma,na-na-ma,ti-giwh,tooh,tuk-oh,toogh,tsow-waghl,whōl,toah,sim-tōmsh,kweīst,'kish-mow,,en-tlah-la-kul,lan-ez-luk-ai-un-la,kump-al-i-men,hun-oot,tshaoo-luhs-imka,kai-kit-oo
178,Ten,tshin-kat,keăp,kai-ip,kla-lth,klāl,,kla-alh,ka-pus-hum,tas-too,haith-lus-kum,lastō,ōpan,apun,ā-pun,a-pun,hai-oo,oalum,pā-naks,pantsh,yath-luli-hum,skil-āht,it-tshil-aw-nil-nan,atl-tshan-tai,lan-ez-ī,kump,o-pun,poot-umit,it-too
179,Eleven,tshin-kat-ka-tlek,kipul-ta-kiul,kaip-ti-kā-ak,kla-lth-oh-tsa-han-tsin,klāl-wok-swān-sung,,kla-alh-wi-skwan-sun,ka-pus-hum-no-ah,,to-mu-nook,lasto-un-num,ōpan-āpa,apun-tin-itza,ā-pun-iks-nit-so,a-pun-e-kwn-e-tzā,hai-oo-tsow-āk,oalum-youh-nits-ho,,,yath-kun-iht,et-pi-al-et-is-mow,,atl-tshan-tai-itl-hi,,kump-wi-pol-la,o-pun-atl-nuk-ko,poot-umit-kwo-luhs,kla-oo-ke
180,Twelve,tshin-kat-ka-tēh,kipul-ta-koopin,kaip-ti-tup-hāt,kla-lth-oh-stung,klāl-wok-stoong,,kla-hloo-i-sting,ka-pus-hum-ma-looh,,to-ma-look,lasto-maih,,,ā-pun-it-jes-so,a-pun-e-kwn-sa-le,hai-oo-ois-ut’-luh,oalum-youh-sa-le,,,,et-pi-al-en-at-nos,,atl-tshan-tai-nan-ki,,kump-wi-an-o-ush,o-pun-itl-le-sel,poot-umit-kwo-nīpit,kla-as
181,Twenty,klē-e-kha,koo-pl-wl-keăp,kool-pl-wil-kip,kla-lth-stung,lug-ws-wān-go,,kla-li-sting,mal-pinna-ka-pus-hum,ma-shum-kwis-tio,ma-shum-kwis-tio,mas-imis-goohto,shtshin-sha,skwush,tsoh-kwus,skwik,tsush-keaitz,sal-atshi,tsim-too-milh,,moh-thlal,mow-allishs,nat-it-tshil-aw-nil-nan,nan-ki-mol-ez-zi,nat-lan-ezī,an-o-is-kumps’-e,is-il-o-pun,nīp-tīt,ai-you-woo
182,Thirty,nusk-tshin-kat,whl-li-wl-keăp,kwul-li-wil-kip,kla-le-tla-hwlth,,,kla-nhl-kwun-ilh,yu-tooh-pinna-ka-pus-hum,yoo-took-shum-kwis-tio,yoo-took-shum-kwis-tio,yootooh-imis-goohto,,,,klu-whil-whil-kea,tsush-keaitz-ois-hai-oo,,,,,as-moos-as-hil-aht,tat-it-tshil-aw-nil-nan,ta-ke-nan-ez-zi,tat-lan-ezī,ka-tlas-kumps’-e,,nituptit,katl-tsa-noo
183,Forty,ta-koon-tshin-kat,tuh-hap-wl-keăp,,kla-le-stun-shin,,,,,,,,,,,hus-in-keā,ut-tlīaik,,,,,kluash-le-kit,tin-it-tshil-aw-nil-nan,,tet-lan-ezī,ho-a-hin-kumps’-e,,pī-nīp-tīt,ka-it-tsa-a-noo
184,Fifty,ki-tshin-tshin-kat,kus-toons-wl-keăp,,kla-le-klelth,,,,,,,,,,,tl-kut-il-keā,ut-tlīaik-ois-hai-oo,,,,,klu-al-shekit-ina-stzeu-gh,is-kun-la-it-tshil-aw-nil-nan,,is-kun-lai-lan-ezī,tshi-likst-kumps’-e,,,ye-koo-noo
185,Sixty,kle-too-sho-tshin-kat,kold-wl-keăp,,kla-le-kloon,,,,,,,,,,,tuh-um-il-keā,kut-tsits-ēk,,,,,us-mōs-lekit,,,,kla-kum-kumps’-e,,,en-im-sa-noo
186,Seventy,tuh-a-too-sho-tshin-kat,tup-hoalth-wl-keăp,,kla-le-tshi-kwa,,,,,,,,,,,sa-kwil-keā,,,,,,mo-lits-nit-kil-akit,,,,,,,oas-ta-tlat-noo-woo
187,Eighty,nuts-ta-too-sho-tshin-kat,yooh-tan-wl-keăp,,kla-le-stan-sha-ma,,,,,,,,,,,tuk-ats-il-keā,,,,,,moos-likit,,,,,,,woo-wha-a-tan-a-woo
188,Ninety,koo-shook-tshin-kat,stim-oish-wl-keăp,,kla-le-klash-wās-in-go,,,,,,,,,,,to-whul-thā,,,,,,kish-mow-likit,,,,,,,kai-kit-a-woon-a-woo
189,One hundred,tshin-kat-kha,shin-shoan,kshin-shoal,la-kwa-kwalth,,,klal-e-klal,,la-kent,ō-pun-ish-staiks,la-kin,si-sāl,nats-howit,natsh-o-with,netso-wih,haioo-ook,smuk-wătshi,,si-ālh,iht-tak-amoon-ak,tsew-likit,,i-tli-a-tshan-tai,,huts-a-pi-kē-kun-ikst,ni-kaw-kein,po-tāp-tit,it-a-woon-a-woo
190,One thousand,ti-ish-tshin-kat-kha,kip-poolh-em-skit,tuh-whol-wul-ghap,,,,la-guo-kwalh,looh-sum-alla,looh-sum,looh-sum,lō-shimki,kei-tis-a-itsh,apun-eit-so-wits,up-pa-a-nitz,a-pun-ih-netso-wih,haioo-pet-ook,hakws-smuk-wătshi,,,,skil-eish-til-ushs,,lan-ez-ze-a-tshan-tai,,,au-au-pun-stukā,na-po-tāp-tit,it-a-woo-tlit-a-woon-a-woo
191,To eat,ut-ha,ya-oh-kun,kup-ĭl,ta-tla,,,ka-ta,hum-sha,hum-sha,um-sha,a-map,ei-eit-thlin,ul-thlin,i-thlin,ul-tun,ha-ook,ul-thlin,eil-thlin,nāmil-eilthla,muk-ulum,āh-alph,,o-o-i-yan,,shi-ē-tlin,i-thlin,tu-kwitat,kut-ētl
192,To drink,hi-ni-tun-na,ux-tshin,āksi,hoot-wla,,,hoo-tli,na-ka,na-ka,na-ka,na-hait,ko-kwa,ka-ka,kwa-kwa,ka-ka,nuk-shitl,ko-kwa,skā,thlā-umsh,kumsh,ka-ĕ-helle,,to-tas-sinlh,,ō-kwa,soos-tish,tsha-wata,ke-koo-tlatl
193,To run,kuk-koo,ul-lo-bān,ul-loo-bān,al-thla,,,ka-git,kē-whilla,kē-whilla,kē-whilla,tsili-whilla,ī-jeīk,ko-ke-num,kwa-nung-ut,whun-kea-nun,kum-miet-ta-ka-kook,til-ā-wīl,swuklh,waukse-whetuk,mil-kowtsh,'kle-īkim,,to-rol-gai,,ke-hlil,kai-tshutlh,wai-ah-ti,
194,To dance,un-ut-leh,mī-li-git,ni-luk,hiat-la,,,hi-atl,umil-thla,youh-wha,youh-wha,i-whā,jei-jil-thlip,kwai-eilis,kwai-el-izh,kwēlih,hoo-yalh,dzo-bo-līk,was-yin-im,lawh-suk,mish-shooioot,na-uh-um,tsin-i-tih,shin-an-al-le,uz-nut-tĭ,kwuz-e-lih,kwoai-min-sōt,tkwāp-anit,
195,To sing,ut-ka-shi,li-mi,li-mi,ka-dzoot-la,,,ska-lung,ni-noea,ni-nu-ya,ni-nu-ya,tinī-hilla,wo-wo,tei-lum,tei-lum,ti-lum,noon-ook,tei-lim,sei-lin,mai-eina,mil-ālam,nui-āmilh,shin,hut-yhn,tsut-shun,a-ī-tlum,is-sin-koo-nai,wan-pit,
196,To sleep,net-it-ti,his-toh,huh-staw’-gun,ka-dēt-la,,,tai,keal-thla,meh-ha,keal-thla,me-hait,tlā-tshit,ei-tit,e-tut,ītut,wa-itsh,e-toot,smoo-sum,sik-lthla,mih-ōpsik,si-too-ma,,nan-is-tin,,o-i-īt,etsh,untshoo-nuk,
197,To speak,yu-kwa-tun,al-uh,a-al-gu-hun,ku-soot-la,,,guī-shoo,pu-kwalla,kai-uta,pu-kwalla,ya-kut-ala,kwa-kwai,kwel,kaw-kul,kwāl,wowā,gwad-ug-wad,tuk-whil,tukh-kepal-āw,mihi-pali-lelm,etl-iouk,,yatl-tik,,kwal-ō-it,kul-kwalth,sin-wīt,
198,To see,tlah-tin,ni-idh,ni-ilth,kain-tla,,,kain-tla,ta-to-kwella,ta-to-kwella,ta-to-kwella,tō-kwal-thla,kook-jai,lamit,kwun-is,kwat-sit,,sho-utz,etuh-un,tlawklh,mihi-loots,al-kīsh,nhl-in,no-rontl-in,hun-itl-in,ātz-a-hun,ats-a-hunt,eikai-noota,
199,To Love,nut-ti-un-eook,shī-pin,,is-ti-ou-unga,,,,mesh-illa,mesh-illa,mesh-illa,sā-whilla,hātl,tle,nis-kle-is-kwa,nis-tle,ya-ak-ook,shātl,uts-yai-in-kin,hā-an,tikeh,a-do-īkits,pa-na-sun,te-a-na-zum,,whĭs-kun,in-a-ha-mintsh,at-tikeh-sha,
200,To kill,hou-mut-tshuk,tsa-kwti-tit,tsā-guntl,lal-ti-ai-ugh,,,ti-uh,ul-ha,ul-ha,ul-ha,keil-aka,kai-ītum,ka-īt,kuk-thā-tum,kā-et,kuh-sāp,gool-āl-tim,noot-shai-um,yoots,eiwak,wen-shim,ta-tzuz-an,tai-atl-tzan,,zōko-kun,poolsk,awa-itli-awaia-tătă-shash,
201,To sit,kun-noo,te-at,ta-an,ka-oolthla,,,ki-ah-uh,kwailh,kwai-hit,kwailh,kwa-heit,kwā-dha,ā-mut,um-ut,um-at,te-us,gwud-īl,taw-ilih,thē-milh,mithlait,im-tuh,,sut-ta,,kin-i-si-mi-ha-ak,klak-shitlh,a-i-kit,
202,To stand,yan-hun,hail-kin,hai’-it-kun,kiā-et-la,,,ki-a-roont-la,tla-wihl,tla-wihl,tla-wihl,tlaw-hal-thla,ko-eishit,he-lush,sī-tling,tlh-lili,kluk-ās,kē-is,ō-tsah-om,tlāl-tsuk,mis-wheit,thlim-muh,,tim-at-in-taih,,statl’-looh,tash-itlh,tootīk,
203,To go,te-noo-kut,ta-tau-wlh,"tā-ut-lhan, tawlh-in",kuai-et-la,,,kai-etla,la-ik-tsi,la-ish-tsi,la-ish-tsi,akia,koo-so,nēm,whun-i-yih,nām,ku-i-tshe,oh,wāks,waukse,meia,tlal-ītluh,kwn-i-uhl,na-tu-run-tshuh,un-nain-duhl,kwat-thath,hoo-ish,wīnuk,tsin-na-hē
204,To come,ha-koo,koi-dux,kul,ta-wit,,,hai-dlul-ul,kai-na,kai-na,kai-na,kai-laka,koo-āgia,me-wa,un-nih,um-mi,tshoo-kwa,tla,keisa,eisa,muhtā,tshla-iwh,,a-ran-an-te,,tsha-ā-ush,tsoo-ish,wīnum,wuh-un
205,To walk,ta-kai-nah-la-na-koot,yān,klad-um-yān-ī,kai-it-la,,,ka-run,kahtla,too-whet,tow-a,hā-sha,e-edash,eimash,sthung,im-mih,ya-tsook,eimash,yup-anoom,waukse,meia,ish-shim,tsai-utl,na-kol-yuk-il-kai,tsai-utl,mā’-tuk-uh,whist,wi-na-niki,
206,To work,yin-nas-nih,nuth-lal,at-lal-is,ist’-tĭ-kla’,,,īs-ta,pa-la,e-yuh-ella,pa-la,ya-hilla,kath-leim,yo-īs,dji,ya-is,,yaioos,ye-yoos,na-āmilh,muh-muh-gubba,kshin-āmuh,,ana-run-tin,,zwuz-o-him,is-kood-le,koot-koot,
207,To steal,a-ma-tum,kā-lik,kā-luk,in-kwulth-tai-in,,,kolt-lĭ,kel-ootla,kel-ootla,kel-ootla,kel-ootla,tshoo-olh,kan,kān-kun,kun,,kā-da,i-koot-suk,ut-sootuk,ya-koioo,ōluh,ut-sin-a-ish,un-uz-i,un-dun-is-ti,na-ā-whu’k,es-in-a-kwai,pa-whī-da,
208,To lie,kul-thlī-ai,pi-ik,pī-īk,kil-ka-tung,,,koo-ut,kai-koos,tle-koos,kai-koos,thlai-kwali,tuhei-giak,smet-sin-kun,nuh-kai-ākun,ma-tsin-kun,,mun-thim,uts-pooh,kah-up,ishti-ati-ta,no-kut-luh,,hoon-tzit,,kā-kuz-a,is-i-au-kwai,tsishka,
209,To give,tu-tshi-ki,kil-lum,kil-lam-ilh,lak-līs-ta,,,it-tsilh,te-tsinla,tsoo-a,tsoo-a,tso,hud-alti-gia,a-whīt,ung-a-as,yah-tsa,hin-ne,ā-mitz,ei-wha,tshālh,eilook,na-pa-lantsk,koo-tuk,san-in-tih,,ō-min,ko-whitz’-utl,pa-nīm,
210,To laugh,ut-ka-shook,sis-awshs,shis-āh-shin,ka-kwutta,,,'kha,ta-thlilla,ta-thlilla,ta-thlilla,tath-leit,kash-kush-ek,yin-num,nut-hing,hu-al-lum,tlī’-ish-wha,hi-um,si-awh,heiltsh,utsāu-wila,eil-kwanilh,tshit-it-loh,in-tloh,tsut-luh,muk-a-shā-nuk,au-in-soo-ti,ti-ut,
211,To cry,kuk-ah,we-how-etk,wi-how-ut-kun,shi-it-lĕ,,,skai-tl,kwas-sa,kwas-sa,kwas-sa,kwash,tlō-whe,hām,whā-ung,hām,,hām,she-oom,ōak,no-kwiluks,,tsut-tsa,hun-tza,tsut-tsa,ĭl’-lal,est-tsa-ka-kwi,nuh-ti,
